{
  "Indianapolis,IN": 1780931128.3432226,
  "Chicago,IL": 1780931129.257605,
  "Detroit,MI": 1780931130.129491,
  "Columbus,OH": 1780931131.0634394,
  "Louisville,KY": 1780931132.0303693,
  "Kansas City,MO": 1780931132.9272692,
  "Fort Wayne,IN": 1780931278.7215102,
  "Aurora,IL": 1780931279.6498525,
  "Grand Rapids,MI": 1780931280.626597,
  "Cleveland,OH": 1780931281.6418145,
  "Lexington,KY": 1780931282.6175365,
  "St. Louis,MO": 1780931283.549743,
  "Evansville,IN": 1780932160.199246,
  "Joliet,IL": 1780932313.0184,
  "Warren,MI": 1780932376.6282613,
  "Cincinnati,OH": 1780932612.5667722,
  "Bowling Green,KY": 1780933459.044182,
  "South Bend,IN": 1780932841.3061137,
  "Springfield,MO": 1780933517.814682,
  "Naperville,IL": 1780933043.669932,
  "Sterling Heights,MI": 1780933238.0142598,
  "Toledo,OH": 1780933331.4165432,
  "Carmel,IN": 1780933597.1634555,
  "Rockford,IL": 1780933811.633238,
  "Ann Arbor,MI": 1780934026.5689847,
  "Akron,OH": 1780934320.5996296,
  "Owensboro,KY": 1780934466.4591296,
  "Columbia,MO": 1780934617.5410812
}